kind,page,href,detail
dead,bundle-thanks.html,#,⬇ Download ZIP Bundle
dead,button-icon-preview.html,#,Try a Free Lesson →
dead,button-icon-preview.html,#,🎓 Find My Course
dead,button-icon-preview.html,#,For Teachers Hub →
dead,button-icon-preview.html,#,Learn More
dead,button-icon-preview.html,#,Start Learning →
dead,button-icon-preview.html,#,See All Courses
dead,button-icon-preview.html,#,Magsimula Na →
dead,button-icon-preview.html,#,Start Learning →
dead,button-icon-preview.html,#,Explore Courses
dead,button-icon-preview.html,#,Browse Free Lessons
dead,button-icon-preview.html,#,Browse Algebra →
dead,button-icon-preview.html,#,Filipino Math →
dead,button-icon-preview.html,#,Explore Calculus →
dead,button-icon-preview.html,#,Find My Course →
dead,button-icon-preview.html,#,🇵🇭 Mag-aral ng Math →
dead,button-icon-preview.html,#,Start with Algebra →
dead,button-icon-preview.html,#,🇵🇭 Panoorin ang Aralin
dead,button-icon-preview.html,#,Start Free →
dead,button-icon-preview.html,#,I'm a Student
dead,button-icon-preview.html,#,I'm a Teacher
dead,button-icon-preview.html,#,Glass on light background
dead,button-icon-preview.html,#,Browse All Courses
dead,button-icon-preview.html,#,🎓 Find My Course →
dead,button-icon-preview.html,#,Start Learning Free →
dead,button-icon-preview.html,#,Magsimula Na
dead,button-icon-preview.html,#,Algebra
dead,button-icon-preview.html,#,Calculus
dead,button-icon-preview.html,#,Statistics
dead,button-icon-preview.html,#,Trigonometry
dead,button-icon-preview.html,#,Geometry
dead,button-icon-preview.html,#,Precalculus
dead,button-icon-preview.html,#,Linear Algebra
dead,button-icon-preview.html,#,Discrete Math
dead,button-icon-preview.html,#,Inferential Stats
dead,button-icon-preview.html,#,Watch Lesson
dead,button-icon-preview.html,#,Download PDF
dead,button-icon-preview.html,#,Find My Level
dead,button-icon-preview.html,#,Explore Calculus
dead,button-icon-preview.html,#,All Worksheets
dead,button-icon-preview.html,#,🇵🇭 Mag-aral ng Math nang Libre
dead,button-icon-preview.html,#,"∫
          Start with Calculus"
dead,button-icon-preview.html,#,"Σ
          Start with Statistics"
dead,button-icon-preview.html,#,"Algebra
          Algebrayo
          🎬 "
dead,button-icon-preview.html,#,"Precalculus
          Prekalkulasyon
   "
dead,button-icon-preview.html,#,"Statistics
          Estadistika
       "
dead,button-icon-preview.html,#,"Calculus
          Kalkulasyon
         "
dead,button-icon-preview.html,#,"Discrete Math
          Discrete Math
  "
dead,button-icon-preview.html,#,"Linear Algebra
          Linear Algebra
"
dead,button-icon-preview.html,#,"Inferential Stats
          Inferential "
dead,button-icon-preview.html,#,"Trigonometry
          Trigonometriya
  "
dead,button-icon-preview.html,#,"Analytic Geometry
          Analytic Geo"
dead,button-icon-preview.html,#,"Geometry
          Heometriya
          "
dead,button-icon-preview.html,#,"Logarithm
          Logaritmo
          "
dead,button-icon-preview.html,#,"Elementary Algebra
          Elementary "
dead,button-icon-preview.html,#,"AlgebraAlgebrayo
          →"
dead,button-icon-preview.html,#,"StatisticsEstadistika
          →"
dead,button-icon-preview.html,#,"CalculusKalkulasyon
          →"
dead,button-icon-preview.html,#,"TrigonometryTrigonometriya
          →"
dead,button-icon-preview.html,#,"GeometryHeometriya
          →"
dead,button-icon-preview.html,#,"PrecalculusPrekalkulasyon
          →"
dead,button-icon-preview.html,#,"Linear AlgebraLinear Algebra
          →"
dead,button-icon-preview.html,#,"Discrete MathDiscrete Math
          →"
dead,button-icon-preview.html,#,"LogarithmLogaritmo
          →"
dead,button-icon-preview.html,#,"Inferential StatsInferential Stats
     "
dead,button-icon-preview.html,#,"Algebra
          Algebrayo
          Pa"
dead,button-icon-preview.html,#,"Statistics
          Estadistika
       "
dead,button-icon-preview.html,#,"Calculus
          Kalkulasyon
         "
dead,button-icon-preview.html,#,"Precalculus
          Prekalkulasyon
   "
dead,button-icon-preview.html,#,"Trigonometry
          Trigonometriya
  "
dead,button-icon-preview.html,#,"Geometry
          Heometriya
          "
dead,button-icon-preview.html,#,"Linear Algebra
          Linear Algebra
"
dead,button-icon-preview.html,#,"Discrete Math
          Discrete Math
  "
dead,button-icon-preview.html,#,"Inferential Stats
          Inferential "
dead,button-icon-preview.html,#,"Logarithm
          Logaritmo
          "
dead,button-icon-preview.html,#,"Analytic Geometry
          Analytic Geo"
dead,button-icon-preview.html,#,"Elementary Algebra
          Elementary "
dead,button-options-preview.html,#,View PDF
dead,button-options-preview.html,#,Download
dead,button-options-preview.html,#,Watch
dead,button-options-preview.html,#,View
dead,button-options-preview.html,#,Save
dead,button-options-preview.html,#,Watch
dead,button-options-preview.html,#,View
dead,button-options-preview.html,#,Download
dead,button-options-preview.html,#,Watch
dead,button-options-preview.html,#,View
dead,button-options-preview.html,#,DL
dead,button-options-preview.html,#,Watch
dead,button-options-preview.html,#,
dead,button-options-preview.html,#,
dead,button-options-preview.html,#,
dead,button-options-preview.html,#,Get PDF
dead,button-options-preview.html,#,Watch
dead,courses/algebra/algebra-english/worksheets/index.html,#,⬇ Download
dead,courses/algebra/algebra-filipino/worksheets/index.html,#,⬇ I-download
dead,courses/algebra/elementary-algebra-filipino/worksheets/index.html,#,⬇ I-download
dead,courses/algebra/elementary-algebra/worksheets/index.html,#,⬇ Download
dead,courses/algebra/intermediate-algebra-filipino/worksheets/index.html,#,⬇ I-download
dead,courses/algebra/intermediate-algebra/worksheets/index.html,#,⬇ Download
dead,courses/analytic-geometry/analytic-geometry-english/worksheets/index.html,#,⬇ Download
dead,courses/analytic-geometry/analytic-geometry-filipino/worksheets/index.html,#,⬇ I-download
dead,courses/calculus/calculus-filipino/worksheets/index.html,#,⬇ I-download
dead,courses/calculus/derivatives-english/worksheets/index.html,#,⬇ Download
dead,courses/calculus/derivatives-filipino/worksheets/index.html,#,⬇ I-download
dead,courses/calculus/integrals-english/worksheets/index.html,#,⬇ Download
dead,courses/calculus/integrals-filipino/worksheets/index.html,#,⬇ I-download
dead,courses/calculus/limits-english/worksheets/index.html,#,⬇ Download
dead,courses/calculus/limits-filipino/worksheets/index.html,#,⬇ I-download
dead,courses/discrete-math/discrete-math-english/worksheets/index.html,#,⬇ Download
dead,courses/discrete-math/discrete-math-filipino/worksheets/index.html,#,⬇ I-download
dead,courses/geometry/geometry-english/worksheets/index.html,#,⬇ Download
dead,courses/geometry/geometry-filipino/worksheets/index.html,#,⬇ I-download
dead,courses/linear-algebra/linear-algebra-english/worksheets/index.html,#,⬇ Download
dead,courses/linear-algebra/linear-algebra-filipino/worksheets/index.html,#,⬇ I-download
dead,courses/logarithms/logarithms-english/worksheets/index.html,#,⬇ Download
dead,courses/logarithms/logarithms-filipino/worksheets/index.html,#,⬇ I-download
dead,courses/math-in-a-minute/math-in-a-minute-filipino/worksheets/index.html,#,⬇ I-download
dead,courses/precalculus/precalculus-english/worksheets/index.html,#,⬇ Download
dead,courses/precalculus/precalculus-filipino/worksheets/index.html,#,⬇ I-download
dead,courses/statistics/inferential-statistics-english/worksheets/index.html,#,⬇ Download
dead,courses/statistics/inferential-statistics-filipino/worksheets/index.html,#,⬇ I-download
dead,courses/statistics/statistics-english/worksheets/index.html,#,⬇ Download
dead,courses/statistics/statistics-filipino/worksheets/index.html,#,⬇ I-download
dead,courses/trigonometry/trigonometry-english/worksheets/index.html,#,⬇ Download
dead,courses/trigonometry/trigonometry-filipino/worksheets/index.html,#,⬇ I-download
dead,subjects/algebra/index.html,#,⬇ Download
dead,subjects/algebra/index.html,#,↗ Open on YouTube
dead,subjects/algebra/index.html,#,↗ Open to Download
dead,subjects/calculus/index.html,#,⬇ Download
dead,subjects/calculus/index.html,#,↗ Open on YouTube
dead,subjects/calculus/index.html,#,↗ Open to Download
dead,subjects/discrete-math/index.html,#,⬇ Download
dead,subjects/discrete-math/index.html,#,▶ Open on YouTube
dead,subjects/discrete-math/index.html,#,⬇ Download PDF
dead,subjects/geometry/index.html,#,⬇ Download
dead,subjects/geometry/index.html,#,↗ Open on YouTube
dead,subjects/geometry/index.html,#,↗ Open to Download
dead,subjects/linear-algebra/index.html,#,⬇ Download
dead,subjects/linear-algebra/index.html,#,▶ Open on YouTube
dead,subjects/linear-algebra/index.html,#,⬇ Download PDF
dead,subjects/pre-algebra/index.html,#,⬇ Download
dead,subjects/pre-algebra/index.html,#,↗ Open on YouTube
dead,subjects/pre-algebra/index.html,#,⬇ Download
dead,subjects/precalculus/index.html,#,⬇ Download
dead,subjects/precalculus/index.html,#,↗ Open on YouTube
dead,subjects/precalculus/index.html,#,↗ Open to Download
dead,subjects/statistics/index.html,#,⬇ Download
dead,subjects/statistics/index.html,#,↗ Open on YouTube
dead,subjects/statistics/index.html,#,↗ Open to Download
dead,subjects/test-prep/index.html,#,▶ Watch on YouTube
dead,subjects/trigonometry/index.html,#,⬇ Download
dead,subjects/trigonometry/index.html,#,↗ Open on YouTube
dead,subjects/trigonometry/index.html,#,⬇ Download
broken_internal,courses/algebra/elementary-algebra-filipino/worksheets/index.html,../../../../../index.html,
broken_internal,courses/algebra/elementary-algebra-filipino/worksheets/index.html,../../../../../start-here.html,🎁 Free Starter Lesson
broken_internal,courses/algebra/elementary-algebra-filipino/worksheets/index.html,../../../../../find-your-course.html,🧭 Find My Course
broken_internal,courses/algebra/elementary-algebra-filipino/worksheets/index.html,../../../../../courses.html,📚 All Courses
broken_internal,courses/algebra/elementary-algebra-filipino/worksheets/index.html,../../../../../math-worksheets.html,📝 Free Worksheets
broken_internal,courses/algebra/elementary-algebra-filipino/worksheets/index.html,../../../../../for-filipino-students.html,🇵🇭 Para sa Filipino Students
broken_internal,courses/algebra/elementary-algebra-filipino/worksheets/index.html,../../../../../for-teachers.html,🏫 For Teachers Hub
broken_internal,courses/algebra/elementary-algebra-filipino/worksheets/index.html,../../../../../teach-it-like-you-stream-it.html,🎬 Teach It Like You Stream It
broken_internal,courses/algebra/elementary-algebra-filipino/worksheets/index.html,../../../../../teacher-resources.html,📦 Teacher Resources
broken_internal,courses/algebra/elementary-algebra-filipino/worksheets/index.html,../../../../../math-worksheets.html,📄 Printable Worksheets
broken_internal,courses/algebra/elementary-algebra-filipino/worksheets/index.html,../../../../../about.html,👨‍🏫 About Dr. E
broken_internal,courses/algebra/elementary-algebra-filipino/worksheets/index.html,../../../../../speaking.html,🎤 Speaking
broken_internal,courses/algebra/elementary-algebra-filipino/worksheets/index.html,../../../../../press.html,📰 Press & Media
broken_internal,courses/algebra/elementary-algebra-filipino/worksheets/index.html,../../../../../blog.html,✍️ Blog Posts
broken_internal,courses/algebra/elementary-algebra-filipino/worksheets/index.html,../../../../../speaking-archive.html,📅 Past Engagements
broken_internal,courses/algebra/elementary-algebra-filipino/worksheets/index.html,../../../../../contact.html,Contact
broken_internal,courses/algebra/elementary-algebra-filipino/worksheets/index.html,../../../../../index.html,Home
broken_internal,courses/algebra/elementary-algebra-filipino/worksheets/index.html,../../../../../for-filipino-students.html,Para sa Filipino Students
broken_internal,courses/algebra/elementary-algebra-filipino/worksheets/index.html,../../../../../courses.html,All Courses
broken_internal,courses/algebra/elementary-algebra-filipino/worksheets/index.html,../../../../../math-worksheets.html,Free Worksheets
broken_internal,courses/algebra/elementary-algebra-filipino/worksheets/index.html,../../../../../for-filipino-students.html,🇵🇭 Para sa Filipino Students
broken_internal,courses/algebra/elementary-algebra-filipino/worksheets/index.html,../../../../../for-teachers.html,For Teachers Hub
broken_internal,courses/algebra/elementary-algebra-filipino/worksheets/index.html,../../../../../teach-it-like-you-stream-it.html,Teach It Like You Stream It
broken_internal,courses/algebra/elementary-algebra-filipino/worksheets/index.html,../../../../../teacher-resources.html,Teacher Resources
broken_internal,courses/algebra/elementary-algebra-filipino/worksheets/index.html,../../../../../about.html,About Dr. E
broken_internal,courses/algebra/elementary-algebra-filipino/worksheets/index.html,../../../../../speaking.html,Speaking
broken_internal,courses/algebra/elementary-algebra-filipino/worksheets/index.html,../../../../../press.html,Press & Media
broken_internal,courses/algebra/elementary-algebra-filipino/worksheets/index.html,../../../../../blog.html,Blog
broken_internal,courses/algebra/elementary-algebra-filipino/worksheets/index.html,../../../../../contact.html,Contact
broken_internal,courses/algebra/intermediate-algebra-filipino/worksheets/index.html,../../../../../index.html,
broken_internal,courses/algebra/intermediate-algebra-filipino/worksheets/index.html,../../../../../start-here.html,🎁 Free Starter Lesson
broken_internal,courses/algebra/intermediate-algebra-filipino/worksheets/index.html,../../../../../find-your-course.html,🧭 Find My Course
broken_internal,courses/algebra/intermediate-algebra-filipino/worksheets/index.html,../../../../../courses.html,📚 All Courses
broken_internal,courses/algebra/intermediate-algebra-filipino/worksheets/index.html,../../../../../math-worksheets.html,📝 Free Worksheets
broken_internal,courses/algebra/intermediate-algebra-filipino/worksheets/index.html,../../../../../for-filipino-students.html,🇵🇭 Para sa Filipino Students
broken_internal,courses/algebra/intermediate-algebra-filipino/worksheets/index.html,../../../../../for-teachers.html,🏫 For Teachers Hub
broken_internal,courses/algebra/intermediate-algebra-filipino/worksheets/index.html,../../../../../teach-it-like-you-stream-it.html,🎬 Teach It Like You Stream It
broken_internal,courses/algebra/intermediate-algebra-filipino/worksheets/index.html,../../../../../teacher-resources.html,📦 Teacher Resources
broken_internal,courses/algebra/intermediate-algebra-filipino/worksheets/index.html,../../../../../math-worksheets.html,📄 Printable Worksheets
broken_internal,courses/algebra/intermediate-algebra-filipino/worksheets/index.html,../../../../../about.html,👨‍🏫 About Dr. E
broken_internal,courses/algebra/intermediate-algebra-filipino/worksheets/index.html,../../../../../speaking.html,🎤 Speaking
broken_internal,courses/algebra/intermediate-algebra-filipino/worksheets/index.html,../../../../../press.html,📰 Press & Media
broken_internal,courses/algebra/intermediate-algebra-filipino/worksheets/index.html,../../../../../blog.html,✍️ Blog Posts
broken_internal,courses/algebra/intermediate-algebra-filipino/worksheets/index.html,../../../../../speaking-archive.html,📅 Past Engagements
broken_internal,courses/algebra/intermediate-algebra-filipino/worksheets/index.html,../../../../../contact.html,Contact
broken_internal,courses/algebra/intermediate-algebra-filipino/worksheets/index.html,../../../../../index.html,Home
broken_internal,courses/algebra/intermediate-algebra-filipino/worksheets/index.html,../../../../../for-filipino-students.html,Para sa Filipino Students
broken_internal,courses/algebra/intermediate-algebra-filipino/worksheets/index.html,../../../../../courses.html,All Courses
broken_internal,courses/algebra/intermediate-algebra-filipino/worksheets/index.html,../../../../../math-worksheets.html,Free Worksheets
broken_internal,courses/algebra/intermediate-algebra-filipino/worksheets/index.html,../../../../../for-filipino-students.html,🇵🇭 Para sa Filipino Students
broken_internal,courses/algebra/intermediate-algebra-filipino/worksheets/index.html,../../../../../for-teachers.html,For Teachers Hub
broken_internal,courses/algebra/intermediate-algebra-filipino/worksheets/index.html,../../../../../teach-it-like-you-stream-it.html,Teach It Like You Stream It
broken_internal,courses/algebra/intermediate-algebra-filipino/worksheets/index.html,../../../../../teacher-resources.html,Teacher Resources
broken_internal,courses/algebra/intermediate-algebra-filipino/worksheets/index.html,../../../../../about.html,About Dr. E
broken_internal,courses/algebra/intermediate-algebra-filipino/worksheets/index.html,../../../../../speaking.html,Speaking
broken_internal,courses/algebra/intermediate-algebra-filipino/worksheets/index.html,../../../../../press.html,Press & Media
broken_internal,courses/algebra/intermediate-algebra-filipino/worksheets/index.html,../../../../../blog.html,Blog
broken_internal,courses/algebra/intermediate-algebra-filipino/worksheets/index.html,../../../../../contact.html,Contact
broken_external,,https://corporate.abs-cbn.com/newsroom/news-releases/2021/10/5/knowledge-channel-digital-tv-beam-october-5,403
broken_external,,https://education.apple.com/resource/250011019,401
broken_external,,https://education.apple.com/story/250011958,401
broken_external,,https://oercommons.org,403
broken_external,,https://www.linkedin.com/in/numberbender/,404
broken_external,,https://www.researchgate.net/profile/Peter-Esperanza,403
broken_external,,https://www.vvdailypress.com/story/news/local/desert-dispatch/2012/11/27/bhs-math-website-targets-educators/37142015007/,403
broken_external,,https://www.vvdailypress.com/story/news/local/desert-dispatch/2012/12/13/peter-esperanza-making-impact-one/37143134007/,403
broken_external,,https://www.vvdailypress.com/story/news/local/desert-dispatch/2014/11/21/local-math-teacher-garners-international/35873569007/,403
broken_external,,https://www.vvdailypress.com/story/news/local/desert-dispatch/2018/02/05/flipping-script-barstow-high-math/15310909007/,403
broken_external,,https://youtu.be/-nqUM4k6oYA,429
broken_external,,https://youtu.be/4rHR3WNtGB0,429
broken_external,,https://youtu.be/52TBV0og3nw,429
broken_external,,https://youtu.be/5WLu5kFdthQ,429
broken_external,,https://youtu.be/8iT01LY0rC0,429
broken_external,,https://youtu.be/93bVMlq6jm4,429
broken_external,,https://youtu.be/9SLA6G9l1qU,429
broken_external,,https://youtu.be/K-gBxRRcUX8,429
broken_external,,https://youtu.be/LEgAtSBYrW8,429
broken_external,,https://youtu.be/LrMHnkqg0zQ,429
broken_external,,https://youtu.be/Rl2rlNiC8sw,429
broken_external,,https://youtu.be/Sq40TTKQJhE,429
broken_external,,https://youtu.be/WSapMTjl5xs,429
broken_external,,https://youtu.be/Xc2qlgYfM4I,429
broken_external,,https://youtu.be/YFJ0hD1JIBA,429
broken_external,,https://youtu.be/f27lqgAJoDE,429
broken_external,,https://youtu.be/jLIwLKlWTZo,429
broken_external,,https://youtu.be/m-NcSqXCI18,429
broken_external,,https://youtu.be/q3OHN_TafqU,429
broken_external,,https://youtu.be/qQ7AqbGjTyI,429
broken_external,,https://youtu.be/wut95XJZWjQ,429
