channel,playlist,language,video_count,playlist_id
Numberbender,Elementary Algebra — Full College Course | Free | Numberbender,English/Bilingual,2,PLIQh59u-CUouMQ2ZDsWusTBHxuhHCmAeA
Numberbender,TILSI: Teach It Like You Stream It,English/Bilingual,6,PLIQh59u-CUov4XRKRgmrva1pTfa50znRo
Numberbender,Vertical Lessons,English/Bilingual,35,PLIQh59u-CUosW-znGdzmsJJCNPJxetp5W
Numberbender,Shorts - Quick math lessons,English/Bilingual,118,PLIQh59u-CUouK3spVL5adn_RyTpQXBRze
Numberbender,POLYGONS,English/Bilingual,4,PLIQh59u-CUoujMu3WAM27UYWFjOxjw3nZ
Numberbender,TRIANGLE CONGRUENCE,English/Bilingual,13,PLIQh59u-CUotUzO0uZgdDuQTbRfsxHUsS
Numberbender,REASONING - Geometery,Filipino,8,PLIQh59u-CUotiHc59AZfAtxpbfRqR-v6t
Numberbender,CIRCLES,English/Bilingual,4,PLIQh59u-CUou98aIX9ZGDtmBuSHfUUf3e
Numberbender,SIMILARITY (Geometry),English/Bilingual,6,PLIQh59u-CUovKx9xM34IOXnbvXuINzjKM
Numberbender,Quadrilaterals (Geometry),English/Bilingual,12,PLIQh59u-CUouSCKFu4bBHaRzFdPxsCtCv
Numberbender,Variation or Numerical Relationship,English/Bilingual,4,PLIQh59u-CUouB7vOBMyjzfz6OWjpbsFLf
Numberbender,Factoring Techniques - English,Filipino,11,PLIQh59u-CUosw9MLo2iRl8WxNTk9srixT
Numberbender,Factoring Techniques,Filipino,12,PLIQh59u-CUot6ZCveMvGd3BCMjYp9TJ_8
Numberbender,Numberbender LIVE - Teaching and Learning in Time of a Pandemic | every Monday at 9am (Manila time),Filipino,60,PLIQh59u-CUotw7gvVSzzP4ILwpr69Mp6c
Numberbender,How to Study Math Online,English/Bilingual,17,PLIQh59u-CUotyy-_nU8C3TonDkhUzp6sI
Numberbender,MATH IN A MINUTE,English/Bilingual,33,PLIQh59u-CUosK9LdsRV4Zl2R-LeCz7JH2
Numberbender,Logarithm and Exponents,English/Bilingual,10,PLIQh59u-CUovIqQw55o5rv5xUwm3WNbE9
Numberbender,DERIVATIVES OF TRANSCENDENTAL FUNCTIONS,English/Bilingual,8,PLIQh59u-CUovENeq1JAd0M3HmsGtC48PM
Numberbender,Implicit Differentiation (Filipino),Filipino,9,PLIQh59u-CUouHUSBMgmDaNonkns5ROLmI
Numberbender,PAANO MAG APPLY NG TEACHER SA AMERICA?,Filipino,7,PLIQh59u-CUot8uSzrAjfbQCxYUhpG-DaR
Numberbender,HOW TO START YOUR YOUTUBE CHANNEL #eduCreator #eduTuber,English/Bilingual,5,PLIQh59u-CUotWILL-b_GocurmpRhXLUPR
Numberbender,West Coast U WCU,English/Bilingual,5,PLIQh59u-CUouTVJwx6BjTX547lmcZG7nV
Numberbender,Math Class ni Dr. E,Filipino,47,PLIQh59u-CUotTbUxVhOF7BxbR3WLNBxjw
Numberbender,Teacher Resources for Flipped Classroom Videos,English/Bilingual,25,PLIQh59u-CUottdWwBJNNckoW2PaAvJE_D
Numberbender,"""Paano Magturo"" Videos",Filipino,23,PLIQh59u-CUosbfCdcJAbBU0IK0-D_Qqth
Numberbender,BCC,English/Bilingual,9,PLIQh59u-CUos7ZCoM3-0ZBNr9uoxgky1h
Numberbender,Differential Equations,English/Bilingual,3,PLIQh59u-CUou7h0QhNcnVDaYalrYpGnTZ
Numberbender,Applications of Integrals (Filipino),Filipino,11,PLIQh59u-CUovcT8op4VxbiHq7TI45NWCw
Numberbender,Antiderivatives and Integration,English/Bilingual,10,PLIQh59u-CUoufCfjdqXXS9_XtygA4K-U3
Numberbender,Applications of Derivatives (Filipino),Filipino,21,PLIQh59u-CUovlc4-8R0J1MttI1OhnPzox
Numberbender,Derivatives (Filipino),Filipino,33,PLIQh59u-CUoubs4WeOggDoyxcAXu2VuN1
Numberbender,Limits,English/Bilingual,9,PLIQh59u-CUosUalsTKJm2M9ruvwRAR28E
Numberbender,Probability,English/Bilingual,9,PLIQh59u-CUovT0wK7ba8kAztpitE41iq2
Numberbender,Hypothesis Testing,English/Bilingual,11,PLIQh59u-CUovDqqIgxJQZkb6FmTuhebLN
Numberbender,Confidence Interval (Filipino),Filipino,10,PLIQh59u-CUosCnCRKfr-upuV9DZIoX5Hw
Numberbender,Discrete Random Variable,English/Bilingual,9,PLIQh59u-CUouOh1YHu7blHdot82YDzpCB
Numberbender,Sampling Distribution,Filipino,4,PLIQh59u-CUotwIbYxskQQbi_T3SNNAVLd
Numberbender,Designing Experiment,Filipino,5,PLIQh59u-CUouXrB--U9-54pkJASR3zPf6
Numberbender,Linear Regression (Filipino),Filipino,7,PLIQh59u-CUos2jE_tE-zDAYbp7u31wNTt
Numberbender,Normal Probability Distribution (Filipino),Filipino,10,PLIQh59u-CUouvxxD6IoLv--P2CQzoGpXK
Numberbender,Single Variable Statistics,English/Bilingual,10,PLIQh59u-CUoutrt9xyl8-FdLRwBDlVQYd
Numberbender,Graph of Trig Functions,English/Bilingual,4,PLIQh59u-CUouVy5OH-j_ZWfK466NrXfod
Numberbender,Polar Coordinates (Filipino),Filipino,5,PLIQh59u-CUosWZ8IaJ5PNXsi72HWxAqKu
Numberbender,Oblique Triangles,English/Bilingual,2,PLIQh59u-CUosUK5jLfiFO_zJocvjfIOHA
Numberbender,Trigonometric Identities (Filipino),Filipino,9,PLIQh59u-CUovkQs6bgoa8kdzzcRVAmvyD
Numberbender,Right Triangle Trigonometry (Filipino),Filipino,8,PLIQh59u-CUosxwqKe9eMg7aU1vz4pCl8u
Numberbender,Complex Numbers (filipino),Filipino,6,PLIQh59u-CUouvC7uLF3TBMHwFU9JHu5MH
Numberbender,Conic Sections (Filipino),Filipino,17,PLIQh59u-CUovll1ihdwFJm_D22H4Eo3Ls
Numberbender,Sequences and Series,English/Bilingual,4,PLIQh59u-CUoskFnSecrcQZVeMNn6X1BgH
Numberbender,Rational Functions,English/Bilingual,2,PLIQh59u-CUotIxseF-5eenjp4mdWmOd-E
Numberbender,Rational Expressions,English/Bilingual,13,PLIQh59u-CUotRl0Uo29hw6h8vgpFu3rE7
Numberbender,Radicals,English/Bilingual,8,PLIQh59u-CUouUJBL3V-pz1PiweiUJVb2y
Numberbender,Quadratics,English/Bilingual,20,PLIQh59u-CUosefP3UNkF50D4dZ0FJ6q2O
Numberbender,Polynomial Functions,English/Bilingual,12,PLIQh59u-CUotkO7w0V5czHSphhDTQ0Agj
Numberbender,Linear Algebra,English/Bilingual,16,PLIQh59u-CUovL2b0RRYjGls0ihkPZ9cam
Numberbender,Function Operations,English/Bilingual,6,PLIQh59u-CUosEh3waOKR1z38tPnD8jM6X
Numberbender,Polynomial Operations,English/Bilingual,4,PLIQh59u-CUotr-9AkK6h645VEqg5Wjm2r
Numberbender,Exponents,English/Bilingual,7,PLIQh59u-CUot5xehTirCMNFEnmPZJYB1c
Numberbender,Linear Systems (FILIPINO),Filipino,10,PLIQh59u-CUotE-j6hl_KepwW0Plg3346Y
Numberbender,Linear Inequality (Filipino),Filipino,5,PLIQh59u-CUotG-pVz0vvdAbxqeFG-Rnym
Numberbender,Solving Linear Equation (Filipino),Filipino,7,PLIQh59u-CUotl2bhO7R29Wlk1mOOKDGwL
Numberbender,Cartesian Coordinate (x-y plane),English/Bilingual,5,PLIQh59u-CUosj1dZ9a8l1bRQtWC4xvkPn
Numberbender,Algebra Fundamentals (Filipino),Filipino,29,PLIQh59u-CUosfrIhVsEqcmhRbAxjwr05n
Numberbender,MATH203,English/Bilingual,13,PLIQh59u-CUouwoaWffpT0yetM9Tvz2tu0
Numberbender,Why I Keep Coming Back to New York,Filipino,5,PLIQh59u-CUovxdpiS5dxI1yqV5fGSi39l
Numberbender,5 Tips ni Numberbender,Filipino,18,PLIQh59u-CUotyRAyPsuOyHi0vU8i7rPOx
Numberbender,News Interviews and Features,English/Bilingual,12,PLIQh59u-CUotJb6EZnsKb6hH1apTUO-a9
Numberbender,Discrete Math (ENGLISH),English,8,PLIQh59u-CUottFfEo8QEWy7a1_yitOTHk
Numberbender,"Discrete Math (FILIPINO): symbolic logic, truth table, compound statements, at set notations",Filipino,9,PLIQh59u-CUot_hBGW7_nYplCMUgkdtFTA
Numberbender,Geometry Lessons  (ENG|FIL),Filipino,48,PLIQh59u-CUotEVCMuIVmEmBxI5JSByLgX
Numberbender,Personally Peter,English/Bilingual,88,PLIQh59u-CUov5iCLVSXEy6Eh2fkw0YHWN
Numberbender,Precalculus Lessons (FILIPINO),Filipino,61,PLIQh59u-CUosHtZ7JtgYoWXoqn8xHTPvd
Numberbender,Math Flipped Classroom — Free Lessons + Worksheets  | Numberbender,English/Bilingual,69,PLIQh59u-CUou7hMWiC_e9zSeHY6ovxFt5
Numberbender,AP TEST FRQ Review: STATISTICS,English/Bilingual,6,PLIQh59u-CUosniT1jxpeIlDPDxijCZ1N3
Numberbender,Trigonometry  Lessons (ENGLISH),English,27,PLIQh59u-CUou6thrAuZg6Exz3AdPTo-Iu
Numberbender,"Analytic Geometry Lessons (FILIPINO): parabola, ellipse, hyperbola, at circle",Filipino,11,PLIQh59u-CUos_7rfqtg9tLp_GgJubvBHr
Numberbender,Linear Algebra Lessons (ENGLISH),English,10,PLIQh59u-CUourwjh37hrLYuX6oqntpJVF
Numberbender,FRQ AP Calculus AB,English/Bilingual,62,PLIQh59u-CUosMUKMezWjQeBudnUgsfWYw
Numberbender,How to Study Math Online,English/Bilingual,32,PLIQh59u-CUosYH-3SJaptvV4qrh0bjsNy
Numberbender,Precalculus/Trigonometry Lessons (ENGLISH),English,72,PLIQh59u-CUos974OGEOXNskpmtQ-5SYI0
Numberbender,Calculus Lessons (ENGLISH),English,93,PLIQh59u-CUov_ibDP0sJ7YVHQEQ4_1ra_
Numberbender,Statistics Help and Tutorials (ENGLISH),English,76,PLIQh59u-CUot6i3GD-mghy8-ZJsV3UnJo
Numberbender,Algebra Lessons (ENGLISH),English,130,PLIQh59u-CUouYxpCF2ypKrf6h73YDl09k
Numberbender,Trigonometry Lessons (FILIPINO),Filipino,30,PLIQh59u-CUosjeemNAeffIiMnLk9ZVQDt
Numberbender,Calculus Lessons (FILIPINO),Filipino,76,PLIQh59u-CUotO-TRuUe0iJBL-y2bsfLmk
Numberbender,Statistics Lessons (FILIPINO),Filipino,68,PLIQh59u-CUovE7tK4FlLJNgcuTIMo0mlQ
Numberbender,Algebra Lessons (FILIPINO),Filipino,148,PLIQh59u-CUouhqTtby330OGpTGOhu3I4Q
Numberbender English Only,VVC,English,2,PLmnIr_qavptQUwbpFEN1ay-LiVM2y-ARh
Numberbender English Only,POLYGONS,English,4,PLmnIr_qavptScZpDX9hW3GrlJKOYvx-Fq
Numberbender English Only,TRIANGLE CONGRUENCE,English,13,PLmnIr_qavptQGakZKaqUjnj2K-46_CsSg
Numberbender English Only,Reasoning,English,8,PLmnIr_qavptQFn8sJArNjqlvRJHQj7cmQ
Numberbender English Only,Circles,English,4,PLmnIr_qavptQ5GJl2gQ95WRInwhG4kcR6
Numberbender English Only,SIMILARITY,English,3,PLmnIr_qavptQWKBiK45ip1mb7Z33pUrYM
Numberbender English Only,Quadrilaterals,English,12,PLmnIr_qavptR9Yb-GQp8kGEAJzTqzo2Pq
Numberbender English Only,Variation and Numerical Relationship,English,4,PLmnIr_qavptT1VLa2uGkvv0MMP0ac_ALd
Numberbender English Only,Shorts,English,10,PLmnIr_qavptQmM5hT42kqueFJ8YiHblXk
Numberbender English Only,Factoring Techniques,Filipino,0,PLmnIr_qavptTLWNp-dMhSMiJ7FR4kcXaw
Numberbender English Only,BCC Announcements,English,62,PLmnIr_qavptRqCO60q71Q2XMWomfw2LZf
Numberbender English Only,LEARN FROM HOME,English,3,PLmnIr_qavptScT3j-oPX6aeC-eBHWxqgW
Numberbender English Only,MATH IN A MINUTE,English,34,PLmnIr_qavptQQsmleUhaxu8IF6AuHFj1-
Numberbender English Only,CHAPMAN ANNOUNCEMENTS,English,31,PLmnIr_qavptStmWLGKyB8D_uL2LvEq_sI
Numberbender English Only,WCU ANNOUNCEMENTS,English,46,PLmnIr_qavptShLCoW7nu42pitxXPNItc7
Numberbender English Only,Dr. E's Math Lectures,English,27,PLmnIr_qavptRRqOGr2HQwYPpVGJyApDfj
Numberbender English Only,"""How To Teach"" Videos",English,23,PLmnIr_qavptQIBUw5yp9gccmRo3f7QvF3
Numberbender English Only,Geometry,English,47,PLmnIr_qavptQl6bJpa4fQL5FHow5YvqCw
Numberbender English Only,FRQ Reimann Sums,English,2,PLmnIr_qavptSxx_xKyrhIEXrFRtAU5bC6
Numberbender English Only,FRQ Differential Equations,English,5,PLmnIr_qavptTkwKQWwuyyaBLqnUio0e2l
Numberbender English Only,Applications of Derivatives and Integrals,English,8,PLmnIr_qavptSj5Fc1O0lnWJS-EPxcXZTq
Numberbender English Only,Function Analysis,English,9,PLmnIr_qavptQEzHjBLz4cZQkirqd414xJ
Numberbender English Only,FRQ Implicit Differentiation,English,7,PLmnIr_qavptSG5lw5H2YcnoAbLveh_8XU
Numberbender English Only,Areas and Volumes,English,12,PLmnIr_qavptR6US4Z9kQlC3EIXK2i8z5x
Numberbender English Only,Accumulation Problem,English,8,PLmnIr_qavptQrTPg-38V4-jXZzOgNykZB
Numberbender English Only,Discrete Math,English,15,PLmnIr_qavptQXcuAO1ZoGIFL_iuutpPgs
Numberbender English Only,Complex Numbers,English,9,PLmnIr_qavptRDLJercfKsqXZopzVUpeCb
Numberbender English Only,Radicals,English,9,PLmnIr_qavptSq2lOA2sczn8LtOzMke9JX
Numberbender English Only,Hypothesis Testing,English,11,PLmnIr_qavptSGs1FLRPoV0h-g9nEONpOL
Numberbender English Only,Confidence Interval,English,12,PLmnIr_qavptRhVvbCAqWTXVwRUibL3iSL
Numberbender English Only,Discrete Random Variable,English,8,PLmnIr_qavptTBApfoB5SfU4fgU_LAq1rK
Numberbender English Only,Sampling Distribution,Filipino,5,PLmnIr_qavptQ0KQnDfSY7PlC0BpNpwwUt
Numberbender English Only,Designing Experiment,Filipino,5,PLmnIr_qavptRAFQc4Ti0J3MH4O1kU3ICa
Numberbender English Only,Probability,English,9,PLmnIr_qavptSZZQnlmZmVBQPcfBmfxpr5
Numberbender English Only,Linear Regression,English,7,PLmnIr_qavptSxrZGt9VoFMFUJTExKI_ET
Numberbender English Only,Normal Probability Distribution,English,12,PLmnIr_qavptSoB6f9-KE5_sHygBA3UCf3
Numberbender English Only,Single Variable Statistics,English,10,PLmnIr_qavptRkOK-iehDc86s_E6msuYzy
Numberbender English Only,Polynomial Operations,English,4,PLmnIr_qavptRhuT2AiHDLVGs41q4tFTmp
Numberbender English Only,Exponents,English,4,PLmnIr_qavptQ9s24GhHKRWyDzUmB_EA9S
Numberbender English Only,Linear Inequality,English,5,PLmnIr_qavptRpd9E4AWlZPKLnZ-ko8hfo
Numberbender English Only,Linear Equation,English,6,PLmnIr_qavptQlndFlV62felslRFxfOfa0
Numberbender English Only,Cartesian Plane (x-y plane),English,5,PLmnIr_qavptS8htQAY64E_LG7dz8gkHXH
Numberbender English Only,Algebra Fundamentals,English,27,PLmnIr_qavptTjIXGVLr74bxkKEgAUvNDx
Numberbender English Only,Graph of Trig Functions,English,3,PLmnIr_qavptQ_yE7X34fIXK3UYsCRGiMU
Numberbender English Only,Polar Coordinates,English,5,PLmnIr_qavptRnvADSmbDBgWRzn76Ni3ox
Numberbender English Only,Oblique Triangles,English,2,PLmnIr_qavptTcbxezDE0y35Hay2v_TuEg
Numberbender English Only,Trigonometric Identities,English,9,PLmnIr_qavptS30LFWVATgXe6guqxTg5ft
Numberbender English Only,Right Triangle Trigonometry,English,6,PLmnIr_qavptRpa8QlhGxkVmPkObzGlLH4
Numberbender English Only,Conic Sections,English,12,PLmnIr_qavptSP1xzIexoB2NYTsZ6S5JFN
Numberbender English Only,Sequences and Series,English,7,PLmnIr_qavptR8agGVaZUI-iWSjFtfz3jN
Numberbender English Only,Rational Functions,English,2,PLmnIr_qavptTPXtGZ874ESUeZwhXGPzlx
Numberbender English Only,Rational Expressions,English,11,PLmnIr_qavptTBYYWEWGnxQZsPHioZcahi
Numberbender English Only,Quadratics,English,26,PLmnIr_qavptTxuRAcnt7qnrlTj22sPaF5
Numberbender English Only,Polynomials,English,12,PLmnIr_qavptRxWO17BkthysmhRrapmvoS
Numberbender English Only,Linear Algebra,English,12,PLmnIr_qavptTZqkCaKglASR0BWD0C19i2
Numberbender English Only,Linear Systems,English,7,PLmnIr_qavptQlLSQdB_TdiXrX2i1G0LH-
Numberbender English Only,Function Operations,English,5,PLmnIr_qavptSmQErWN9usFv-CxqyY4UZ5
Numberbender English Only,Differential Equations,English,3,PLmnIr_qavptRL12l81ZUrEbjp6Sg-5rFE
Numberbender English Only,Applications of Integrals,English,10,PLmnIr_qavptRycBItnCqL7Zwd_4dEkbaf
Numberbender English Only,Antiderivatives and Integration,English,9,PLmnIr_qavptSAVgMXnw3Ywr3LqhFIpbmS
Numberbender English Only,Implicit Differentiation,English,8,PLmnIr_qavptScQuyshHDp3jyQybhJjOUm
Numberbender English Only,Transcendental Functions,English,8,PLmnIr_qavptRuCbCbMkSaXqBah4uRaHi6
Numberbender English Only,Applications of Derivatives,English,26,PLmnIr_qavptRTbz4GWFbljPRijy2t0PNp
Numberbender English Only,Derivatives,English,33,PLmnIr_qavptSJj_DR3PbzjjSXDWMUk3Px
Numberbender English Only,Limits,English,11,PLmnIr_qavptToyz2gohIAPKI4RbQ4j1a5
Numberbender English Only,Inferential STATISTICS,English,29,PLmnIr_qavptRVGGLGaNUjjem-UxzASw-O
Numberbender English Only,Descriptive STATISTICS,English,24,PLmnIr_qavptQldO-LQL_MvGw1MzhcY0jP
Numberbender English Only,Integral CALCULUS,English,21,PLmnIr_qavptQsMt23deyDFhGREbNV5bKP
Numberbender English Only,Differential CALCULUS,English,43,PLmnIr_qavptQJfiiHWDx3IrIQvuVzDHQJ
Numberbender English Only,Logarithm and Exponential Functions,English,10,PLmnIr_qavptQJoOGQ_3XvNcb1B9kAqSa9
Numberbender English Only,Trigonometry/Precalculus,English,25,PLmnIr_qavptQIXkFdRqsDSKGGk_a0RZyv
Numberbender English Only,Intermediate Algebra/Precalculus,English,58,PLmnIr_qavptQNVsjAFtqYhSr4Bt_nc3c-
